{"cameraMode":{"drawMode":0,"name":"Shaded","section":"Shading Mode"},"sceneLighting":true,"audioPlay":false,"sceneViewState":{"showFog":true,"showMaterialUpdate":true,"showSkybox":true,"showFlares":true,"showImageEffects":true,"showParticleSystems":true},"in2DMode":false,"pivot":{"x":0.41045665740966799,"y":5.3911662101745609,"z":-3.4661121368408205},"rotation":{"x":-0.35151833295822146,"y":0.3172946572303772,"z":-0.1279938966035843,"w":-0.8714221119880676},"size":10.0,"orthographic":false}