{"cameraMode":{"drawMode":0,"name":"Shaded","section":"Shading Mode"},"sceneLighting":false,"audioPlay":false,"sceneViewState":{"showFog":true,"showMaterialUpdate":true,"showSkybox":true,"showFlares":true,"showImageEffects":true,"showParticleSystems":true},"in2DMode":false,"pivot":{"x":2.722930669784546,"y":3.5070667266845705,"z":-3.8899314403533937},"rotation":{"x":-0.33472108840942385,"y":0.1636424958705902,"z":-0.05914626643061638,"w":-0.9261126518249512},"size":11.783357620239258,"orthographic":false}